{
    "locomotionSetting": 0,
    "musicVolume": 0.6319981217384338,
    "soundFxVolume": 0.33885350823402407
}